"date","gas_usd_gal","gas_2024_usd_gal","diesel_usd_gal","diesel_2024_usd_gal"
1995-01-01,1.143,2.161,1.059,2.003
1995-02-01,1.133,2.139,1.05,1.982
1995-03-01,1.126,2.122,1.046,1.971
1995-04-01,1.16,2.183,1.066,2.006
1995-05-01,1.232,2.314,1.086,2.04
1995-06-01,1.248,2.341,1.08,2.025
1995-07-01,1.214,2.273,1.06,1.985
1995-08-01,1.171,2.189,1.063,1.987
1995-09-01,1.148,2.142,1.084,2.023
1995-10-01,1.122,2.09,1.072,1.997
1995-11-01,1.095,2.037,1.073,1.996
1995-12-01,1.1,2.043,1.085,2.015
1996-01-01,1.124,2.084,1.106,2.051
1996-02-01,1.124,2.081,1.105,2.046
1996-03-01,1.172,2.167,1.151,2.128
1996-04-01,1.269,2.343,1.227,2.266
1996-05-01,1.303,2.402,1.201,2.214
1996-06-01,1.281,2.359,1.141,2.102
1996-07-01,1.247,2.294,1.119,2.059
1996-08-01,1.229,2.259,1.149,2.112
1996-09-01,1.223,2.244,1.215,2.229
1996-10-01,1.227,2.247,1.288,2.359
1996-11-01,1.257,2.298,1.281,2.342
1996-12-01,1.268,2.313,1.271,2.319
1997-01-01,1.263,2.3,1.255,2.285
1997-02-01,1.262,2.293,1.23,2.235
1997-03-01,1.239,2.25,1.176,2.136
1997-04-01,1.226,2.225,1.159,2.103
1997-05-01,1.213,2.2,1.156,2.096
1997-06-01,1.212,2.195,1.145,2.074
1997-07-01,1.194,2.159,1.126,2.036
1997-08-01,1.227,2.216,1.139,2.057
1997-09-01,1.234,2.226,1.13,2.038
1997-10-01,1.209,2.178,1.157,2.084
1997-11-01,1.182,2.127,1.162,2.091
1997-12-01,1.155,2.078,1.141,2.052
1998-01-01,1.123,2.019,1.102,1.981
1998-02-01,1.084,1.948,1.065,1.914
1998-03-01,1.054,1.893,1.041,1.869
1998-04-01,1.057,1.897,1.045,1.875
1998-05-01,1.052,1.886,1.044,1.872
1998-06-01,1.042,1.865,1.017,1.821
1998-07-01,1.034,1.849,1.007,1.8
1998-08-01,1.012,1.807,0.985,1.759
1998-09-01,0.991,1.768,0.998,1.78
1998-10-01,1.01,1.8,1.017,1.812
1998-11-01,0.989,1.761,0.997,1.775
1998-12-01,0.948,1.686,0.945,1.681
1999-01-01,0.941,1.672,0.94,1.67
1999-02-01,0.932,1.654,0.934,1.657
1999-03-01,0.966,1.712,0.964,1.709
1999-04-01,1.083,1.917,1.043,1.846
1999-05-01,1.099,1.943,1.036,1.831
1999-06-01,1.095,1.934,1.028,1.815
1999-07-01,1.129,1.991,1.082,1.908
1999-08-01,1.189,2.095,1.132,1.994
1999-09-01,1.232,2.166,1.181,2.077
1999-10-01,1.248,2.19,1.19,2.089
1999-11-01,1.247,2.184,1.218,2.134
1999-12-01,1.273,2.225,1.257,2.197
2000-01-01,1.28,2.233,1.321,2.304
2000-02-01,1.362,2.37,1.394,2.426
2000-03-01,1.51,2.622,1.426,2.477
2000-04-01,1.467,2.543,1.369,2.373
2000-05-01,1.469,2.541,1.369,2.368
2000-06-01,1.54,2.658,1.368,2.361
2000-07-01,1.55,2.67,1.39,2.395
2000-08-01,1.466,2.521,1.428,2.456
2000-09-01,1.499,2.573,1.586,2.722
2000-10-01,1.481,2.537,1.58,2.707
2000-11-01,1.463,2.502,1.574,2.692
2000-12-01,1.403,2.394,1.496,2.553
2001-01-01,1.417,2.413,1.457,2.481
2001-02-01,1.436,2.44,1.441,2.448
2001-03-01,1.387,2.352,1.339,2.27
2001-04-01,1.522,2.576,1.358,2.298
2001-05-01,1.622,2.739,1.42,2.398
2001-06-01,1.551,2.616,1.433,2.417
2001-07-01,1.352,2.277,1.345,2.266
2001-08-01,1.338,2.251,1.331,2.239
2001-09-01,1.424,2.393,1.414,2.376
2001-10-01,1.275,2.141,1.284,2.156
2001-11-01,1.126,1.888,1.199,2.011
2001-12-01,1.062,1.779,1.123,1.881
2002-01-01,1.095,1.832,1.121,1.876
2002-02-01,1.094,1.829,1.122,1.876
2002-03-01,1.225,2.046,1.2,2.004
2002-04-01,1.375,2.293,1.273,2.123
2002-05-01,1.368,2.279,1.272,2.119
2002-06-01,1.346,2.239,1.247,2.074
2002-07-01,1.345,2.234,1.262,2.096
2002-08-01,1.353,2.243,1.29,2.139
2002-09-01,1.365,2.259,1.369,2.265
2002-10-01,1.43,2.362,1.43,2.362
2002-11-01,1.406,2.318,1.363,2.247
2002-12-01,1.378,2.268,1.377,2.266
2003-01-01,1.449,2.381,1.459,2.397
2003-02-01,1.591,2.61,1.621,2.659
2003-03-01,1.63,2.671,1.637,2.682
2003-04-01,1.523,2.493,1.443,2.362
2003-05-01,1.424,2.328,1.375,2.248
2003-06-01,1.427,2.328,1.367,2.23
2003-07-01,1.47,2.394,1.383,2.252
2003-08-01,1.555,2.527,1.435,2.332
2003-09-01,1.572,2.55,1.407,2.282
2003-10-01,1.466,2.373,1.428,2.312
2003-11-01,1.439,2.325,1.431,2.312
2003-12-01,1.437,2.316,1.442,2.324
2004-01-01,1.541,2.478,1.516,2.437
2004-02-01,1.596,2.56,1.53,2.454
2004-03-01,1.656,2.649,1.568,2.509
2004-04-01,1.724,2.751,1.616,2.578
2004-05-01,1.898,3.02,1.654,2.632
2004-06-01,1.9,3.017,1.634,2.595
2004-07-01,1.844,2.922,1.669,2.644
2004-08-01,1.828,2.891,1.78,2.815
2004-09-01,1.811,2.856,1.871,2.951
2004-10-01,1.929,3.035,2.073,3.261
2004-11-01,1.916,3.006,2.08,3.264
2004-12-01,1.79,2.801,1.939,3.034
2005-01-01,1.791,2.795,1.906,2.975
2005-02-01,1.861,2.897,1.958,3.048
2005-03-01,2.034,3.159,2.148,3.336
2005-04-01,2.198,3.405,2.226,3.449
2005-05-01,2.104,3.252,2.15,3.323
2005-06-01,2.108,3.248,2.256,3.476
2005-07-01,2.237,3.436,2.314,3.555
2005-08-01,2.448,3.749,2.421,3.708
2005-09-01,2.818,4.304,2.766,4.225
2005-10-01,2.752,4.192,3.107,4.732
2005-11-01,2.253,3.422,2.553,3.878
2005-12-01,2.177,3.299,2.424,3.673
2006-01-01,2.3,3.477,2.434,3.68
2006-02-01,2.242,3.382,2.445,3.688
2006-03-01,2.411,3.626,2.519,3.788
2006-04-01,2.775,4.161,2.681,4.02
2006-05-01,2.847,4.257,2.815,4.209
2006-06-01,2.819,4.205,2.834,4.228
2006-07-01,2.91,4.331,2.88,4.287
2006-08-01,2.889,4.29,2.952,4.383
2006-09-01,2.492,3.696,2.701,4.006
2006-10-01,2.171,3.216,2.467,3.655
2006-11-01,2.15,3.181,2.47,3.655
2006-12-01,2.242,3.307,2.528,3.729
2007-01-01,2.156,3.17,2.412,3.546
2007-02-01,2.17,3.18,2.417,3.542
2007-03-01,2.45,3.583,2.629,3.845
2007-04-01,2.769,4.04,2.801,4.087
2007-05-01,3.034,4.416,2.745,3.996
2007-06-01,2.989,4.343,2.756,4.004
2007-07-01,2.906,4.214,2.799,4.059
2007-08-01,2.74,3.967,2.803,4.058
2007-09-01,2.734,3.952,2.894,4.184
2007-10-01,2.741,3.957,2.984,4.308
2007-11-01,3.004,4.331,3.313,4.777
2007-12-01,2.935,4.227,3.279,4.722
2008-01-01,2.981,4.287,3.256,4.683
2008-02-01,2.982,4.283,3.341,4.799
2008-03-01,3.205,4.596,3.831,5.494
2008-04-01,3.415,4.89,4.021,5.757
2008-05-01,3.713,5.308,4.367,6.243
2008-06-01,3.962,5.65,4.637,6.612
2008-07-01,3.987,5.671,4.676,6.651
2008-08-01,3.697,5.246,4.251,6.032
2008-09-01,3.687,5.227,3.989,5.655
2008-10-01,2.961,4.195,3.537,5.011
2008-11-01,2.078,2.941,2.818,3.989
2008-12-01,1.652,2.339,2.394,3.389
2009-01-01,1.718,2.433,2.225,3.151
2009-02-01,1.872,2.652,2.138,3.029
2009-03-01,1.916,2.716,2.057,2.916
2009-04-01,2.014,2.856,2.192,3.109
2009-05-01,2.211,3.137,2.201,3.123
2009-06-01,2.549,3.615,2.498,3.543
2009-07-01,2.44,3.459,2.494,3.536
2009-08-01,2.54,3.6,2.588,3.668
2009-09-01,2.42,3.426,2.549,3.609
2009-10-01,2.454,3.47,2.608,3.688
2009-11-01,2.577,3.641,2.738,3.868
2009-12-01,2.533,3.575,2.699,3.809
2010-01-01,2.644,3.728,2.807,3.958
2010-02-01,2.575,3.627,2.746,3.868
2010-03-01,2.719,3.824,2.878,4.048
2010-04-01,2.794,3.923,3.018,4.238
2010-05-01,2.792,3.914,3.025,4.241
2010-06-01,2.656,3.72,2.894,4.053
2010-07-01,2.63,3.68,2.864,4.007
2010-08-01,2.643,3.694,2.914,4.073
2010-09-01,2.607,3.636,2.884,4.023
2010-10-01,2.708,3.77,2.967,4.131
2010-11-01,2.74,3.808,3.055,4.245
2010-12-01,2.897,4.019,3.176,4.406
2011-01-01,3.001,4.156,3.339,4.624
2011-02-01,3.121,4.315,3.531,4.881
2011-03-01,3.489,4.813,3.838,5.294
2011-04-01,3.723,5.124,3.991,5.493
2011-05-01,3.815,5.239,3.979,5.465
2011-06-01,3.583,4.911,3.876,5.313
2011-07-01,3.58,4.897,3.862,5.283
2011-08-01,3.577,4.883,3.823,5.219
2011-09-01,3.483,4.753,3.771,5.146
2011-10-01,3.325,4.536,3.725,5.081
2011-11-01,3.245,4.425,3.86,5.264
2011-12-01,3.131,4.261,3.764,5.122
2012-01-01,3.268,4.438,3.757,5.103
2012-02-01,3.516,4.766,3.878,5.257
2012-03-01,3.738,5.06,4.041,5.471
2012-04-01,3.833,5.182,4.025,5.441
2012-05-01,3.585,4.84,3.885,5.245
2012-06-01,3.348,4.511,3.678,4.956
2012-07-01,3.281,4.413,3.639,4.895
2012-08-01,3.571,4.794,3.875,5.203
2012-09-01,3.701,4.961,4.018,5.386
2012-10-01,3.55,4.751,3.993,5.343
2012-11-01,3.27,4.368,3.891,5.198
2012-12-01,3.167,4.225,3.857,5.146
2013-01-01,3.23,4.304,3.834,5.109
2013-02-01,3.537,4.707,4.024,5.355
2013-03-01,3.607,4.796,4.006,5.327
2013-04-01,3.452,4.587,3.843,5.107
2013-05-01,3.427,4.55,3.756,4.987
2013-06-01,3.433,4.551,3.75,4.971
2013-07-01,3.481,4.607,3.794,5.021
2013-08-01,3.473,4.589,3.829,5.06
2013-09-01,3.376,4.453,3.875,5.111
2013-10-01,3.188,4.198,3.796,4.998
2013-11-01,3.117,4.097,3.755,4.935
2013-12-01,3.169,4.16,3.776,4.957
2014-01-01,3.184,4.174,3.781,4.957
2014-02-01,3.217,4.212,3.788,4.96
2014-03-01,3.36,4.391,3.803,4.97
2014-04-01,3.538,4.615,3.807,4.966
2014-05-01,3.522,4.586,3.796,4.943
2014-06-01,3.53,4.59,3.79,4.928
2014-07-01,3.489,4.531,3.782,4.911
2014-08-01,3.35,4.344,3.744,4.855
2014-09-01,3.26,4.226,3.704,4.801
2014-10-01,3.051,3.954,3.613,4.682
2014-11-01,2.778,3.599,3.537,4.582
2014-12-01,2.399,3.108,3.312,4.291
2015-01-01,1.989,2.577,2.91,3.771
2015-02-01,2.094,2.714,2.777,3.599
2015-03-01,2.294,2.968,2.749,3.556
2015-04-01,2.316,2.99,2.651,3.423
2015-05-01,2.529,3.259,2.78,3.583
2015-06-01,2.632,3.389,2.769,3.565
2015-07-01,2.584,3.324,2.676,3.442
2015-08-01,2.403,3.089,2.458,3.159
2015-09-01,2.162,2.779,2.353,3.024
2015-10-01,2.107,2.708,2.322,2.985
2015-11-01,2,2.571,2.289,2.942
2015-12-01,1.891,2.431,2.191,2.817
2016-01-01,1.799,2.314,2.041,2.625
2016-02-01,1.658,2.133,1.884,2.424
2016-03-01,1.859,2.386,1.972,2.531
2016-04-01,1.986,2.543,2.024,2.592
2016-05-01,2.131,2.723,2.182,2.788
2016-06-01,2.225,2.841,2.292,2.926
2016-07-01,2.134,2.722,2.262,2.885
2016-08-01,2.068,2.636,2.221,2.831
2016-09-01,2.088,2.657,2.248,2.861
2016-10-01,2.149,2.73,2.326,2.955
2016-11-01,2.067,2.622,2.311,2.931
2016-12-01,2.141,2.711,2.391,3.028
2017-01-01,2.244,2.837,2.43,3.072
2017-02-01,2.184,2.756,2.423,3.058
2017-03-01,2.195,2.768,2.402,3.029
2017-04-01,2.307,2.906,2.444,3.079
2017-05-01,2.272,2.86,2.407,3.03
2017-06-01,2.229,2.801,2.355,2.959
2017-07-01,2.162,2.712,2.329,2.921
2017-08-01,2.263,2.834,2.414,3.023
2017-09-01,2.59,3.237,2.631,3.288
2017-10-01,2.4,2.993,2.616,3.263
2017-11-01,2.395,2.981,2.692,3.35
2017-12-01,2.323,2.885,2.706,3.361
2018-01-01,2.404,2.979,2.813,3.486
2018-02-01,2.429,3.004,2.835,3.506
2018-03-01,2.433,3.002,2.796,3.45
2018-04-01,2.617,3.221,2.897,3.566
2018-05-01,2.726,3.348,3.019,3.707
2018-06-01,2.737,3.356,3.022,3.706
2018-07-01,2.663,3.261,3,3.674
2018-08-01,2.643,3.232,2.993,3.66
2018-09-01,2.627,3.208,3.046,3.719
2018-10-01,2.657,3.24,3.138,3.826
2018-11-01,2.411,2.935,3.068,3.735
2018-12-01,2.098,2.552,2.907,3.536
2019-01-01,1.989,2.417,2.797,3.398
2019-02-01,2.083,2.528,2.803,3.402
2019-03-01,2.336,2.831,2.874,3.483
2019-04-01,2.576,3.116,2.901,3.509
2019-05-01,2.583,3.119,2.908,3.512
2019-06-01,2.423,2.923,2.834,3.419
2019-07-01,2.494,3.006,2.802,3.377
2019-08-01,2.38,2.865,2.761,3.324
2019-09-01,2.346,2.821,2.786,3.35
2019-10-01,2.337,2.807,2.804,3.368
2019-11-01,2.309,2.771,2.79,3.348
2019-12-01,2.302,2.758,2.774,3.323
2020-01-01,2.315,2.769,2.802,3.352
2020-02-01,2.188,2.613,2.674,3.193
2020-03-01,2.027,2.424,2.502,2.992
2020-04-01,1.645,1.97,2.274,2.723
2020-05-01,1.605,1.924,2.174,2.607
2020-06-01,1.824,2.18,2.182,2.608
2020-07-01,1.937,2.308,2.196,2.617
2020-08-01,1.926,2.288,2.179,2.589
2020-09-01,1.929,2.287,2.167,2.569
2020-10-01,1.907,2.256,2.145,2.538
2020-11-01,1.851,2.185,2.181,2.575
2020-12-01,1.959,2.303,2.339,2.75
2021-01-01,2.112,2.473,2.443,2.86
2021-02-01,2.279,2.657,2.604,3.036
2021-03-01,2.617,3.035,2.94,3.41
2021-04-01,2.65,3.058,2.925,3.375
2021-05-01,2.768,3.178,2.995,3.438
2021-06-01,2.811,3.21,3.04,3.472
2021-07-01,2.886,3.279,3.08,3.5
2021-08-01,2.889,3.266,3.07,3.471
2021-09-01,2.894,3.253,3.116,3.503
2021-10-01,3.025,3.381,3.361,3.757
2021-11-01,3.126,3.474,3.471,3.858
2021-12-01,3.016,3.33,3.361,3.711
2022-01-01,3.043,3.337,3.463,3.798
2022-02-01,3.283,3.577,3.804,4.144
2022-03-01,3.989,4.314,4.937,5.339
2022-04-01,3.841,4.123,4.885,5.243
2022-05-01,4.173,4.446,5.248,5.591
2022-06-01,4.65,4.936,5.393,5.725
2022-07-01,4.173,4.413,5.135,5.431
2022-08-01,3.566,3.758,4.706,4.959
2022-09-01,3.241,3.404,4.717,4.955
2022-10-01,3.3,3.455,4.885,5.115
2022-11-01,3.149,3.287,4.826,5.038
2022-12-01,2.801,2.915,4.309,4.484
2023-01-01,3.076,3.191,4.277,4.437
2023-02-01,3.089,3.194,4.132,4.273
2023-03-01,3.125,3.226,3.959,4.087
2023-04-01,3.333,3.435,3.867,3.985
2023-05-01,3.17,3.261,3.619,3.723
2023-06-01,3.211,3.294,3.5,3.591
2023-07-01,3.296,3.373,3.59,3.673
2023-08-01,3.511,3.583,4.08,4.164
2023-09-01,3.464,3.53,4.254,4.335
2023-10-01,3.198,3.255,4.167,4.241
2023-11-01,2.886,2.933,3.898,3.962
2023-12-01,2.739,2.777,3.639,3.689
2024-01-01,2.778,2.809,3.583,3.623
2024-02-01,2.933,2.958,3.795,3.827
2024-03-01,3.132,3.152,3.724,3.748
2024-04-01,3.277,3.291,3.701,3.717
2024-05-01,3.253,3.26,3.536,3.543
2024-06-01,3.096,3.098,3.453,3.455
2024-07-01,3.17,3.168,3.525,3.522
2024-08-01,3.07,3.063,3.37,3.363
2024-09-01,2.858,2.846,3.206,3.193
2024-10-01,2.803,2.786,3.258,3.238
2024-11-01,2.726,2.704,3.178,3.152
2024-12-01,2.7,2.67,3.179,3.144
2025-01-01,2.775,2.736,3.356,3.309
2025-02-01,2.809,2.762,3.398,3.341
2025-03-01,2.781,2.729,3.284,3.223
2025-04-01,2.838,2.781,3.246,3.18
2025-05-01,2.83,2.768,3.164,3.094
2025-06-01,2.845,NA,3.245,NA
